Key,English,Russian
Tutor.BackInMenu,Back In Menu,Вернутся в меню
Tutor.Ended,The training is completed!,Обучение пройдено!
Tutor.Heal,"You've been injured, use the treatment","Тебя ранили, используй лечение"
Tutor.Smoke,There are too many of them. Use the smoke to kill them all,"Их слишком много. Используй дым, чтобы убить их всех"
Tutor.Shuriken,There are too many of them. Use your shuriken to kill them all.,"Их слишком много. Используй сюрикен, чтобы убить их всех"
Tutor.Slash,You can't avoid this zombie. Hit the punch to kill him,"Этого зомби избежать не получится. Нажми удар, чтобы убить его"
Tutor.SwapDown,Swipe down to jump off the roof and avoid the zombies.,"Сделай свайп вниз, чтобы спрыгнуть с крыши и обойти зомби"
Tutor.SwapUp,"Oh no, it's a zombie!
Swipe up to jump onto the roof and avoid the zombies.","О нет, это зомби!
Сделай свап вверх, чтобы запрыгнуть на крышу и обойти зомби"